date,region,season,disaster_type,hazard_level,temperature_c,rainfall_mm,wind_kmh,cyber_incidents,phishing_reports,misinformation_reports,vulnerability_alerts,donation_scam_reports,risk_score,anomaly_flag
01-01-2024,Shepparton,Summer,None,Low,32.1,2.5,18.1,4,4,2,2,1,28.8,0
02-01-2024,Melbourne Metro,Summer,None,Low,30.3,0.5,28,5,3,0,3,2,24.6,0
03-01-2024,Melbourne Metro,Summer,None,Low,33.1,3.2,18.9,20,12,11,1,6,57.5,1
04-01-2024,Shepparton,Summer,None,Low,31.9,0.4,19.5,3,5,2,5,0,34.5,0
05-01-2024,Ballarat,Summer,None,Medium,34,2.3,24.4,2,5,2,2,1,41.9,0
06-01-2024,Geelong,Summer,Storm,Medium,28.1,2.6,38.5,11,8,6,3,5,68.4,0
07-01-2024,Geelong,Summer,None,High,34.1,0.9,24.7,16,10,2,5,5,80,0
08-01-2024,Geelong,Summer,None,Low,35.7,6.8,27,8,4,1,2,2,22.1,0
09-01-2024,Shepparton,Summer,None,Low,24.5,1.3,34.1,6,0,2,1,1,19.9,0
10-01-2024,Melbourne Metro,Summer,None,Low,25,6.9,23.7,30,7,8,2,7,57.6,1
11-01-2024,Shepparton,Summer,None,Low,29.5,5.4,28.5,5,2,1,2,2,27.2,0
12-01-2024,Shepparton,Summer,None,Low,28.6,4.3,27,14,2,1,3,1,27.9,0
13-01-2024,Gippsland,Summer,None,Medium,25.6,7.5,26.3,29,11,7,6,4,74.8,1
14-01-2024,Melbourne Metro,Summer,None,High,37.6,3.9,34.1,9,9,6,3,6,80.9,0
15-01-2024,Gippsland,Summer,None,Low,30.2,1.2,11.8,5,4,3,1,1,29.8,0
16-01-2024,Bendigo,Summer,None,Low,26.8,1.1,24.4,5,4,2,4,2,26,0
17-01-2024,Melbourne Metro,Summer,Storm,High,31.4,10.7,28.3,10,6,2,5,6,79.6,0
18-01-2024,Melbourne Metro,Summer,None,Medium,30.2,3.4,20.1,24,10,11,5,4,80,1
19-01-2024,Melbourne Metro,Summer,Storm,Medium,24.9,0.8,42.7,3,8,1,3,3,54.4,0
20-01-2024,Geelong,Summer,None,Low,35,3.4,14.5,9,5,1,1,2,28.1,0
21-01-2024,Geelong,Summer,None,High,33.3,3.2,26.9,12,10,7,2,1,75.5,0
22-01-2024,Gippsland,Summer,None,Low,35.4,4.1,30.6,6,6,4,4,2,39.3,0
23-01-2024,Gippsland,Summer,None,Low,20.4,8.1,34.3,9,4,3,2,1,32.9,0
24-01-2024,Melbourne Metro,Summer,None,Low,33,8.7,26.1,5,3,2,3,0,27.7,0
25-01-2024,Gippsland,Summer,None,Low,27.4,1.7,23.2,7,7,3,0,1,33.2,0
26-01-2024,Geelong,Summer,Storm,Medium,30.3,13.1,14,11,7,2,8,1,63.1,0
27-01-2024,Shepparton,Summer,None,Medium,30.7,9.6,30.5,9,9,2,5,1,53.7,0
28-01-2024,Shepparton,Summer,None,Low,24.4,9.5,27.7,8,3,2,1,1,34.8,0
29-01-2024,Shepparton,Summer,None,Low,29.1,2.1,36.1,5,8,2,2,1,28.1,0
30-01-2024,Gippsland,Summer,None,Low,24.4,9.2,21.4,2,1,1,5,5,36.8,0
31-01-2024,Bendigo,Summer,Bushfire,High,34.3,3.2,23.9,11,6,8,7,7,100,0
01-02-2024,Geelong,Summer,None,Low,27.3,1.4,14.8,2,5,1,0,1,26.7,0
02-02-2024,Bendigo,Summer,None,Medium,23.6,5.4,28.7,6,6,4,6,4,60.2,0
03-02-2024,Gippsland,Summer,None,Low,29.2,1.1,34.8,4,6,6,1,1,31.1,0
04-02-2024,Ballarat,Summer,None,Medium,32.5,6.2,26.2,18,15,6,1,7,77.5,1
05-02-2024,Melbourne Metro,Summer,None,Low,31.7,2.4,23.8,8,1,0,2,2,18.3,0
06-02-2024,Geelong,Summer,None,Low,29.3,4.7,34.9,8,5,1,3,1,30.9,0
07-02-2024,Shepparton,Summer,None,Low,31.9,4.7,37.6,6,3,3,1,0,19.7,0
08-02-2024,Bendigo,Summer,None,Low,33.2,5.2,30.4,4,4,2,1,0,31.3,0
09-02-2024,Ballarat,Summer,Bushfire,High,32.7,1.6,31.6,13,9,8,3,8,88.7,0
10-02-2024,Ballarat,Summer,Bushfire,High,32.4,1.7,28.7,15,10,10,5,7,93.6,0
11-02-2024,Geelong,Summer,Bushfire,Medium,34.9,1.8,29.8,7,3,8,1,3,60.4,0
12-02-2024,Geelong,Summer,None,Low,21.6,5.7,29.8,3,5,3,5,2,32,0
13-02-2024,Ballarat,Summer,Bushfire,High,32.8,0.9,40,15,13,7,1,8,98.3,0
14-02-2024,Melbourne Metro,Summer,None,High,22.3,13.4,32.8,17,4,4,3,5,71,0
15-02-2024,Melbourne Metro,Summer,None,Low,25.9,3.1,16.3,17,11,7,2,5,58.1,1
16-02-2024,Bendigo,Summer,Flood,Medium,28.5,14.5,11.9,6,5,9,3,4,67.1,0
17-02-2024,Melbourne Metro,Summer,None,Low,23.5,0.6,33.9,7,4,1,3,0,20.1,0
18-02-2024,Ballarat,Summer,None,Low,31.3,6.1,24.7,8,5,4,1,2,30.2,0
19-02-2024,Ballarat,Summer,None,Low,30.4,4.4,21.2,8,3,2,4,0,37.2,0
20-02-2024,Gippsland,Summer,None,High,34.8,0.2,26.4,8,4,5,6,3,66.9,0
21-02-2024,Ballarat,Summer,None,Low,27.6,1.9,30.1,6,1,2,1,0,26.2,0
22-02-2024,Melbourne Metro,Summer,None,Medium,34.6,4.3,24.5,6,7,5,0,0,51,0
23-02-2024,Shepparton,Summer,None,Low,29.5,3,7.5,9,4,2,1,0,25.7,0
24-02-2024,Bendigo,Summer,None,Low,28.7,4.9,18.9,4,2,2,1,3,26.3,0
25-02-2024,Gippsland,Summer,Bushfire,High,33.1,2,44,14,7,6,4,4,86,0
26-02-2024,Melbourne Metro,Summer,Bushfire,Medium,32.3,3.7,29,12,9,2,1,2,56.9,0
27-02-2024,Bendigo,Summer,Bushfire,High,37.5,3,32.9,11,6,7,3,5,80.2,0
28-02-2024,Melbourne Metro,Summer,None,Medium,33.6,5.6,29.4,9,7,3,1,1,42.5,0
29-02-2024,Gippsland,Summer,None,Low,26,1,26.5,4,5,3,5,1,35.4,0
01-03-2024,Ballarat,Autumn,None,Low,16.7,1.4,15.4,8,4,1,2,1,25.7,0
02-03-2024,Shepparton,Autumn,Storm,High,21.9,13,23,13,9,4,2,1,76.2,0
03-03-2024,Gippsland,Autumn,None,Low,26.4,0.9,22.4,6,1,3,3,1,30.2,0
04-03-2024,Ballarat,Autumn,None,Low,23.5,2.4,15.1,2,4,2,4,3,34.4,0
05-03-2024,Gippsland,Autumn,Storm,Medium,19.5,14.5,15.7,8,2,3,3,0,48.9,0
06-03-2024,Geelong,Autumn,None,Medium,23.4,5.4,24.3,0,4,3,0,1,44.9,0
07-03-2024,Shepparton,Autumn,None,Low,24.3,8.9,22.3,6,1,3,2,0,24.7,0
08-03-2024,Melbourne Metro,Autumn,Storm,Medium,17,7,40,9,3,4,2,5,53.8,0
09-03-2024,Melbourne Metro,Autumn,None,Low,14.7,9.1,20.3,8,4,4,1,0,30.8,0
10-03-2024,Shepparton,Autumn,None,Low,19.6,9.9,22.7,4,6,4,2,1,30.6,0
11-03-2024,Geelong,Autumn,Flood,Medium,23.1,10.6,39.6,9,10,6,3,5,70.8,0
12-03-2024,Ballarat,Autumn,Storm,Medium,20.5,12.5,46.7,7,7,4,1,2,53.9,0
13-03-2024,Melbourne Metro,Autumn,None,Low,17,4.6,21.6,6,4,1,2,2,29.8,0
14-03-2024,Geelong,Autumn,None,Medium,19.9,1.1,23.3,10,8,3,1,3,50.8,0
15-03-2024,Melbourne Metro,Autumn,Flood,Severe,13.9,25.5,29.7,11,15,7,4,6,100,0
16-03-2024,Bendigo,Autumn,None,Low,27.5,2.7,30.1,5,1,1,0,5,28.5,0
17-03-2024,Ballarat,Autumn,Flood,High,17.3,19,28.3,13,9,3,3,6,84.5,0
18-03-2024,Bendigo,Autumn,None,Low,31.3,0.7,20.3,7,3,3,3,1,29.9,0
19-03-2024,Shepparton,Autumn,None,Medium,17.6,5.3,30.5,6,6,4,3,3,51.9,0
20-03-2024,Ballarat,Autumn,Storm,High,23.4,12.1,25.1,31,18,8,6,10,100,1
21-03-2024,Geelong,Autumn,None,Low,18.4,2.2,23.9,24,11,11,1,7,66.9,1
22-03-2024,Ballarat,Autumn,None,Medium,22.8,0.7,28.7,11,7,3,3,6,63.5,0
23-03-2024,Ballarat,Autumn,None,Medium,21.8,10.5,15.3,9,3,0,7,3,50.7,0
24-03-2024,Geelong,Autumn,Storm,High,23.3,10,17.6,7,5,8,1,4,80.2,0
25-03-2024,Shepparton,Autumn,None,Low,18.6,8.1,25.5,7,7,1,1,1,25.5,0
26-03-2024,Ballarat,Autumn,None,Medium,18.2,4.1,16.8,7,4,1,2,1,46.5,0
27-03-2024,Shepparton,Autumn,None,Low,28.2,2.8,15.2,6,3,2,2,2,24.6,0
28-03-2024,Shepparton,Autumn,None,Low,18.4,6.9,12.4,3,2,0,1,1,20.5,0
29-03-2024,Shepparton,Autumn,Storm,Medium,19,16.7,20.5,7,8,8,2,5,59.2,0
30-03-2024,Melbourne Metro,Autumn,None,Low,21.8,3.6,27.4,5,2,4,4,2,31.7,0
31-03-2024,Gippsland,Autumn,None,Low,22.5,1.7,11.3,4,5,2,3,3,33.7,0
01-04-2024,Shepparton,Autumn,Flood,High,25.6,15.6,39.2,21,21,17,6,9,100,1
02-04-2024,Geelong,Autumn,None,Medium,23.9,1,10.2,10,6,7,5,3,55.9,0
03-04-2024,Gippsland,Autumn,None,Medium,25.1,3.8,33.9,8,5,5,2,5,54.6,0
04-04-2024,Shepparton,Autumn,None,Low,12.2,1.4,20.2,10,3,1,1,2,16.6,0
05-04-2024,Geelong,Autumn,None,Low,24.3,6,33.9,3,7,8,3,3,41.9,0
06-04-2024,Geelong,Autumn,None,Low,20.4,2.3,32.7,3,0,1,0,1,18.9,0
07-04-2024,Bendigo,Autumn,None,Low,23.5,4.6,24.3,14,16,7,2,3,59.7,1
08-04-2024,Bendigo,Autumn,None,Low,12.9,5.7,27.3,5,6,3,5,1,32.5,0
09-04-2024,Ballarat,Autumn,Storm,Medium,21.7,6.9,39.5,14,10,4,9,2,70.7,0
10-04-2024,Shepparton,Autumn,None,Low,21.2,4.3,13.7,3,2,3,3,1,32,0
11-04-2024,Shepparton,Autumn,None,Medium,20.7,7.8,21.5,9,5,3,1,1,45.8,0
12-04-2024,Gippsland,Autumn,Flood,High,25,10.9,24.4,6,10,7,5,7,98.2,0
13-04-2024,Geelong,Autumn,None,Low,11.3,3,18.1,3,5,2,14,2,51.1,1
14-04-2024,Shepparton,Autumn,None,Low,18.5,9.1,17.6,12,7,3,2,2,26.7,0
15-04-2024,Ballarat,Autumn,None,Low,25.6,1.8,25.2,5,5,0,3,1,24.6,0
16-04-2024,Melbourne Metro,Autumn,None,Low,18.3,6.9,31.8,17,13,13,2,6,70.9,1
17-04-2024,Geelong,Autumn,Storm,Medium,22.9,6.8,53.4,6,5,5,4,0,52.1,0
18-04-2024,Melbourne Metro,Autumn,None,Low,25.1,3.7,21.5,10,1,5,0,1,27.7,0
19-04-2024,Ballarat,Autumn,None,Medium,21.2,5.8,12.8,11,1,7,2,3,49.5,0
20-04-2024,Bendigo,Autumn,None,Low,14.2,8.3,9,33,7,5,2,6,48.7,1
21-04-2024,Ballarat,Autumn,None,Low,24,5.7,25,4,2,0,1,2,21.5,0
22-04-2024,Melbourne Metro,Autumn,None,Low,22.6,5,23.5,6,4,1,1,2,30.4,0
23-04-2024,Geelong,Autumn,None,Low,28.4,6.9,20.3,5,3,4,3,0,27.9,0
24-04-2024,Gippsland,Autumn,Flood,High,19.7,16.5,23.3,8,6,7,4,5,87,0
25-04-2024,Shepparton,Autumn,None,Low,25.5,1.4,31.5,9,3,0,4,0,27.5,0
26-04-2024,Ballarat,Autumn,None,Low,25.6,1.4,32.3,3,4,1,2,0,21.2,0
27-04-2024,Geelong,Autumn,None,Low,18.6,1.6,33.3,15,9,9,1,7,54.4,1
28-04-2024,Shepparton,Autumn,Storm,High,17.9,11.1,12,11,9,6,3,4,81,0
29-04-2024,Bendigo,Autumn,None,Medium,20.4,1.9,22.6,4,10,1,2,0,47.5,0
30-04-2024,Bendigo,Autumn,None,Medium,15,0.9,21.7,7,4,0,2,3,39.4,0
01-05-2024,Shepparton,Autumn,None,Medium,24.6,6.1,16.4,4,12,1,3,3,50.3,0
02-05-2024,Bendigo,Autumn,None,Low,25.7,6.1,30.8,4,1,3,0,3,20.6,0
03-05-2024,Geelong,Autumn,None,Low,25.9,7.4,19.4,18,14,6,0,5,48.7,1
04-05-2024,Ballarat,Autumn,Storm,Medium,20.9,10.7,21.7,11,7,6,1,3,54.7,0
05-05-2024,Geelong,Autumn,None,Medium,23.8,4.6,25.3,17,8,1,2,4,43.1,0
06-05-2024,Geelong,Autumn,None,Low,18.1,1.2,17.8,4,2,2,1,0,20.9,0
07-05-2024,Shepparton,Autumn,None,Medium,30.4,5.9,19.8,9,6,6,1,3,51.9,0
08-05-2024,Gippsland,Autumn,None,Low,13.9,8.8,20.2,7,1,3,12,1,45.8,1
09-05-2024,Gippsland,Autumn,None,Low,22.6,2.4,9.6,17,13,10,1,5,62,1
10-05-2024,Ballarat,Autumn,None,Low,24.3,4.7,23.4,4,1,1,1,3,19.2,0
11-05-2024,Shepparton,Autumn,Flood,Medium,26.8,12.4,5,8,7,8,3,6,70.5,0
12-05-2024,Gippsland,Autumn,None,Low,27.4,0.2,23.3,8,4,2,3,1,29.1,0
13-05-2024,Bendigo,Autumn,None,Medium,15.2,6.4,33,8,3,4,5,0,49.3,0
14-05-2024,Gippsland,Autumn,None,Medium,22.9,9,34.5,6,4,2,3,4,47.5,0
15-05-2024,Bendigo,Autumn,None,Medium,31.7,0.8,25.8,7,7,5,5,3,59,0
16-05-2024,Ballarat,Autumn,None,Low,30,1.6,18,9,1,1,1,2,17.6,0
17-05-2024,Geelong,Autumn,None,Low,19.6,6.3,23.2,7,8,3,2,3,37.8,0
18-05-2024,Geelong,Autumn,Storm,High,16.4,5.3,41.9,13,9,6,0,4,77.3,0
19-05-2024,Gippsland,Autumn,None,Low,22.1,10,20.5,19,13,12,1,7,66.5,1
20-05-2024,Bendigo,Autumn,None,Low,25.5,9,14.6,5,3,3,16,1,51.8,1
21-05-2024,Melbourne Metro,Autumn,None,Medium,23.4,4.4,24,4,5,2,1,2,39.1,0
22-05-2024,Melbourne Metro,Autumn,None,Low,21.9,9.1,20.8,5,2,2,3,1,25.6,0
23-05-2024,Melbourne Metro,Autumn,None,Low,19.3,1.8,10.9,5,4,2,3,0,22.2,0
24-05-2024,Geelong,Autumn,None,Low,20.3,5.6,32.5,8,4,3,1,1,25.7,0
25-05-2024,Shepparton,Autumn,None,Low,26.6,2.8,33.3,4,2,2,0,0,20.7,0
26-05-2024,Geelong,Autumn,None,Medium,17.5,4.3,24.6,8,6,5,4,3,61.5,0
27-05-2024,Shepparton,Autumn,None,Low,27.9,7.9,19.3,8,3,4,10,1,52.3,1
28-05-2024,Bendigo,Autumn,None,Medium,21.9,4,13.9,11,6,3,4,1,49.2,0
29-05-2024,Gippsland,Autumn,None,Low,24.1,8.6,15,5,3,2,2,0,29,0
30-05-2024,Melbourne Metro,Autumn,None,Low,21.4,0.3,17.6,8,2,3,4,0,23,0
31-05-2024,Bendigo,Autumn,None,Low,27,1.2,17.5,8,6,3,3,1,30,0
01-06-2024,Bendigo,Winter,None,Low,10.9,7.4,28.5,6,2,2,0,1,23.8,0
02-06-2024,Gippsland,Winter,None,Low,13.9,7.7,33.4,3,2,1,2,2,28.4,0
03-06-2024,Bendigo,Winter,None,Low,6.8,4.4,11.7,10,2,2,2,1,23.1,0
04-06-2024,Gippsland,Winter,Flood,Severe,0.9,24.7,11.4,10,9,7,8,5,100,0
05-06-2024,Ballarat,Winter,None,Medium,16.3,10.6,7,12,7,3,2,4,51.9,0
06-06-2024,Gippsland,Winter,None,Low,10.2,0.4,16,7,1,0,1,2,25.5,0
07-06-2024,Melbourne Metro,Winter,None,Medium,21.3,6.7,6.7,7,10,1,2,2,52.9,0
08-06-2024,Shepparton,Winter,None,High,13.7,11.2,34.5,12,6,3,2,2,64.6,0
09-06-2024,Shepparton,Winter,Flood,High,12.3,18.4,20.5,14,5,9,4,6,86.8,0
10-06-2024,Melbourne Metro,Winter,None,Low,12,4.9,21.9,4,5,3,2,2,32.2,0
11-06-2024,Shepparton,Winter,None,Medium,14.9,1.1,19.3,5,6,4,1,2,46.4,0
12-06-2024,Gippsland,Winter,None,Low,16,7.7,18.4,7,5,3,3,1,30.1,0
13-06-2024,Ballarat,Winter,Flood,High,13.6,24.8,5,9,9,8,3,6,89,0
14-06-2024,Shepparton,Winter,Storm,Medium,6.8,15.5,16.7,11,3,7,1,0,50.4,0
15-06-2024,Ballarat,Winter,None,Low,17.8,3.2,7.8,8,2,4,4,2,34.7,0
16-06-2024,Melbourne Metro,Winter,Flood,High,7.3,32.8,22.6,13,8,13,4,6,96.9,0
17-06-2024,Ballarat,Winter,None,Low,21.7,5.8,21.8,5,2,0,3,1,27.5,0
18-06-2024,Bendigo,Winter,Flood,Medium,11.1,12.7,19.9,10,6,6,4,2,62.9,0
19-06-2024,Geelong,Winter,None,Low,7.8,1.8,20.3,1,3,2,4,0,30.4,0
20-06-2024,Bendigo,Winter,Storm,Medium,12.7,4,38.3,8,7,0,2,2,50.1,0
21-06-2024,Melbourne Metro,Winter,None,Low,12.4,1.1,20.9,4,3,0,1,2,24.2,0
22-06-2024,Shepparton,Winter,None,Low,10.4,6.3,33.2,4,6,1,2,1,32,0
23-06-2024,Shepparton,Winter,None,Low,18.2,8.4,21.1,6,4,0,3,1,27.2,0
24-06-2024,Ballarat,Winter,None,Low,15.2,0,22.9,2,3,1,4,2,27.2,0
25-06-2024,Gippsland,Winter,None,Medium,9.2,6.1,14.8,6,8,2,0,1,47.3,0
26-06-2024,Geelong,Winter,None,Medium,14.6,4.3,21,11,5,3,2,1,48,0
27-06-2024,Gippsland,Winter,None,Medium,13.2,8,9.7,7,7,2,4,1,44.6,0
28-06-2024,Melbourne Metro,Winter,Storm,High,15.4,10.5,21.4,11,3,5,0,4,70.3,0
29-06-2024,Shepparton,Winter,None,Low,15.6,1.5,5.4,5,3,3,2,3,32.7,0
30-06-2024,Ballarat,Winter,None,Low,23,8.7,20.4,6,2,2,2,0,17.6,0
01-07-2024,Shepparton,Winter,None,Low,12.6,7,20.5,7,3,1,2,0,21.9,0
02-07-2024,Gippsland,Winter,None,Low,12.8,7.6,34,25,10,4,5,5,51.7,1
03-07-2024,Gippsland,Winter,None,Low,15.2,6.6,34.3,7,2,3,9,0,36.7,1
04-07-2024,Geelong,Winter,None,Low,16.3,6.7,34.4,2,2,1,2,1,24.3,0
05-07-2024,Geelong,Winter,None,Medium,15.1,0.8,21.3,28,13,13,2,5,81.4,1
06-07-2024,Ballarat,Winter,None,Low,8.8,0.6,9.2,5,0,1,11,0,40.5,1
07-07-2024,Geelong,Winter,None,Medium,17.3,1.3,20.7,14,5,2,13,3,66.8,1
08-07-2024,Gippsland,Winter,None,Low,18.5,0.4,12.4,27,10,11,2,6,64.8,1
09-07-2024,Gippsland,Winter,None,Low,9.4,4.2,16.4,6,3,1,4,2,20.5,0
10-07-2024,Melbourne Metro,Winter,None,Low,6,0.6,28.4,6,6,2,2,1,30,0
11-07-2024,Gippsland,Winter,None,Low,5.4,3.3,5,19,14,10,3,4,66.3,1
12-07-2024,Ballarat,Winter,None,Low,6.5,7.5,20.8,5,1,1,4,3,29.7,0
13-07-2024,Bendigo,Winter,None,Low,7.9,3.9,19.2,6,9,1,3,0,28.1,0
14-07-2024,Melbourne Metro,Winter,Flood,Medium,5,11.6,32.4,6,2,6,6,3,66.7,0
15-07-2024,Melbourne Metro,Winter,Flood,Medium,11.3,12.9,21,10,7,6,2,4,66.4,0
16-07-2024,Ballarat,Winter,None,Medium,14,2.9,8.8,7,7,5,2,1,52.8,0
17-07-2024,Ballarat,Winter,None,Low,15.1,8.1,15.9,7,5,3,2,3,36,0
18-07-2024,Geelong,Winter,None,Low,12.2,8.2,25.3,5,2,2,4,0,24.7,0
19-07-2024,Melbourne Metro,Winter,None,Low,16.1,8.6,27.7,6,3,4,4,2,40.4,0
20-07-2024,Geelong,Winter,None,Medium,15.4,11.7,12.2,5,5,6,2,2,51.5,0
21-07-2024,Gippsland,Winter,None,Low,17.8,0.9,14.4,1,5,1,4,2,30.7,0
22-07-2024,Melbourne Metro,Winter,None,Medium,7.9,13.8,12.8,13,5,1,2,3,45.7,0
23-07-2024,Melbourne Metro,Winter,None,Medium,19.1,4.5,16,11,5,4,1,2,51.4,0
24-07-2024,Shepparton,Winter,None,Low,6.8,9.3,18,6,4,3,2,1,27.1,0
25-07-2024,Bendigo,Winter,None,Medium,8,6.5,10.5,6,3,2,4,2,49.2,0
26-07-2024,Melbourne Metro,Winter,None,Low,12.1,1.4,34.1,4,4,1,3,1,26.6,0
27-07-2024,Gippsland,Winter,Flood,Severe,13.5,19.3,23.1,13,9,13,4,5,100,0
28-07-2024,Geelong,Winter,None,Low,16.5,2.1,5,5,4,3,2,0,25.6,0
29-07-2024,Geelong,Winter,None,Low,16.6,6.4,8.9,8,2,2,3,1,25,0
30-07-2024,Shepparton,Winter,None,Low,18.6,2.3,23.3,3,5,5,2,1,31.4,0
31-07-2024,Bendigo,Winter,Flood,High,8.3,25.2,11.3,12,8,6,3,2,75.7,0
01-08-2024,Gippsland,Winter,None,Medium,15.9,9.5,17.4,10,5,5,5,2,57.9,0
02-08-2024,Geelong,Winter,None,Medium,16.5,4.8,8.3,10,6,5,4,1,47,0
03-08-2024,Ballarat,Winter,Flood,High,18.6,33.3,20.4,11,9,7,7,7,88.4,0
04-08-2024,Gippsland,Winter,None,Medium,15.3,3.7,30.2,6,7,2,1,1,45,0
05-08-2024,Gippsland,Winter,None,Medium,11.1,1.7,9.1,5,4,4,3,1,44,0
06-08-2024,Bendigo,Winter,None,Low,12.8,1.6,12.8,5,3,2,1,3,28.9,0
07-08-2024,Geelong,Winter,None,Low,11.4,7.4,25.6,7,6,2,3,0,27.3,0
08-08-2024,Gippsland,Winter,None,Low,15.1,3.3,23,9,2,0,2,0,23.6,0
09-08-2024,Shepparton,Winter,None,Medium,13.1,8,14.8,6,4,3,4,3,49.5,0
10-08-2024,Shepparton,Winter,None,Low,5.2,9,21.9,5,4,1,0,1,21.9,0
11-08-2024,Geelong,Winter,None,Low,14.4,2.5,22.9,6,6,2,2,2,28.2,0
12-08-2024,Shepparton,Winter,Flood,High,13.2,14.7,36.7,10,9,5,5,6,88.5,0
13-08-2024,Ballarat,Winter,None,Low,18,8.9,26,30,8,7,2,3,47.7,1
14-08-2024,Bendigo,Winter,None,Low,16,3.8,19,9,4,1,2,1,28.4,0
15-08-2024,Shepparton,Winter,None,Low,14.9,7.7,12,6,4,2,3,2,36.1,0
16-08-2024,Shepparton,Winter,None,Medium,6.7,15.2,12.5,10,10,2,0,2,47.5,0
17-08-2024,Ballarat,Winter,Flood,High,13.6,25,26.9,13,8,11,3,5,85.8,0
18-08-2024,Bendigo,Winter,None,Low,11.6,9.8,21.5,7,1,3,1,1,25.7,0
19-08-2024,Gippsland,Winter,Flood,High,12.4,11.7,26,16,6,6,4,5,84,0
20-08-2024,Bendigo,Winter,None,Medium,6.6,4.1,24.4,8,5,1,5,1,46.5,0
21-08-2024,Melbourne Metro,Winter,None,Low,15.5,5.2,30.6,3,3,0,0,2,29.9,0
22-08-2024,Geelong,Winter,Flood,Medium,11.2,10.7,18.7,13,5,6,5,1,59.5,0
23-08-2024,Geelong,Winter,None,Low,12.8,0.5,8.6,2,0,3,14,0,42.5,1
24-08-2024,Melbourne Metro,Winter,None,Low,17.3,0.9,19.7,6,6,0,4,1,29.1,0
25-08-2024,Ballarat,Winter,Storm,High,12.4,20.4,11.1,14,11,4,1,3,72.5,0
26-08-2024,Melbourne Metro,Winter,Flood,Medium,21.2,12.3,25,13,5,2,3,6,64.7,0
27-08-2024,Gippsland,Winter,None,Low,17.2,1.5,24.6,8,3,1,1,2,25.9,0
28-08-2024,Gippsland,Winter,None,Low,17,3.4,13,5,4,6,0,3,35.4,0
29-08-2024,Geelong,Winter,None,Low,12.1,0.7,12.2,8,4,2,1,1,25.8,0
30-08-2024,Gippsland,Winter,None,Medium,20.1,8.9,29.9,9,5,7,3,1,51.1,0
31-08-2024,Geelong,Winter,None,High,9.4,14.9,30.6,8,6,6,2,3,71.8,0
01-09-2024,Melbourne Metro,Spring,None,Medium,22.2,1.4,24,8,6,4,1,1,54.1,0
02-09-2024,Melbourne Metro,Spring,None,Low,19.1,6,14.1,4,5,2,4,5,32.7,0
03-09-2024,Shepparton,Spring,None,Medium,16.9,2.5,26.4,4,4,1,0,3,37.9,0
04-09-2024,Shepparton,Spring,None,Low,17.8,5.3,28.8,4,2,3,2,2,30,0
05-09-2024,Melbourne Metro,Spring,None,Low,14.7,7,26.5,5,6,5,0,1,27.9,0
06-09-2024,Geelong,Spring,None,Low,25.1,7.1,30,7,1,1,2,3,27.6,0
07-09-2024,Melbourne Metro,Spring,None,Low,14.7,4,11.5,4,1,1,2,3,22.7,0
08-09-2024,Melbourne Metro,Spring,None,Low,22.3,3.6,20.7,8,4,1,1,1,28.5,0
09-09-2024,Ballarat,Spring,Storm,High,24.1,10.7,28.8,14,9,4,8,5,86,0
10-09-2024,Melbourne Metro,Spring,None,Medium,18.9,0.5,19.5,28,12,14,6,9,88.8,1
11-09-2024,Gippsland,Spring,Flood,Medium,23,11.8,19.8,4,3,8,7,6,73.9,0
12-09-2024,Geelong,Spring,None,Medium,11.8,4.3,23.7,8,4,5,6,3,51.7,0
13-09-2024,Ballarat,Spring,None,Low,10.7,9.6,30.5,6,3,1,2,1,20.9,0
14-09-2024,Shepparton,Spring,None,Medium,16.2,3.6,21.1,7,4,6,2,2,51.7,0
15-09-2024,Bendigo,Spring,None,Medium,28.3,5.6,26.2,14,7,7,5,1,62.5,0
16-09-2024,Geelong,Spring,Storm,Medium,21,1.6,47.7,14,2,1,1,3,47.9,0
17-09-2024,Gippsland,Spring,None,Low,24.3,8.8,27.2,7,9,2,1,2,36.5,0
18-09-2024,Geelong,Spring,None,Low,18.2,1.7,20,20,13,6,2,3,52,1
19-09-2024,Shepparton,Spring,Flood,Medium,18.9,12.1,38.8,8,3,5,2,4,59.7,0
20-09-2024,Gippsland,Spring,None,Low,19.5,0.8,32.2,3,4,3,8,2,52.5,1
21-09-2024,Gippsland,Spring,None,Medium,30.2,5.2,24.8,7,5,1,6,4,50.9,0
22-09-2024,Bendigo,Spring,None,Low,17.8,2.5,27.3,6,3,1,1,1,18.9,0
23-09-2024,Geelong,Spring,None,Low,19.2,5.2,36.9,8,5,2,2,0,32.3,0
24-09-2024,Bendigo,Spring,None,Low,16.4,3,36.8,27,7,9,4,3,58.8,1
25-09-2024,Bendigo,Spring,Flood,Medium,21,15.5,25.9,18,12,11,6,12,96.9,1
26-09-2024,Geelong,Spring,None,Low,19.4,3.6,23.6,6,5,3,2,1,34.1,0
27-09-2024,Melbourne Metro,Spring,None,Low,19.1,8,19.5,9,4,2,2,4,31.8,0
28-09-2024,Melbourne Metro,Spring,None,Medium,23.9,2.2,21.7,8,6,2,5,2,48,0
29-09-2024,Shepparton,Spring,None,Medium,18.7,10.4,22.1,12,7,4,2,5,58.3,0
30-09-2024,Bendigo,Spring,None,Medium,17.9,6.1,16,3,3,2,4,3,44.6,0
01-10-2024,Ballarat,Spring,Storm,High,22,20.6,14.3,11,7,4,7,3,79.4,0
02-10-2024,Bendigo,Spring,None,Low,18.9,4.8,16.4,8,2,2,1,1,27.5,0
03-10-2024,Bendigo,Spring,None,Low,25,1.6,16.2,7,1,3,4,0,35.3,0
04-10-2024,Bendigo,Spring,None,Low,24.9,5.9,26.4,6,3,3,0,2,27.3,0
05-10-2024,Shepparton,Spring,None,Medium,22.8,1.2,21.7,11,9,4,3,5,64,0
06-10-2024,Melbourne Metro,Spring,None,Low,19.6,6.6,34.9,3,4,2,3,2,27.7,0
07-10-2024,Shepparton,Spring,None,Low,25,1.9,5,5,3,2,1,1,25.4,0
08-10-2024,Shepparton,Spring,Flood,High,22.3,14.5,30.2,15,6,5,3,4,77.9,0
09-10-2024,Shepparton,Spring,None,Low,23,3.6,34.3,27,11,10,4,5,59.4,1
10-10-2024,Melbourne Metro,Spring,None,Low,14.6,3,20.6,8,3,1,2,2,15.1,0
11-10-2024,Melbourne Metro,Spring,None,Medium,21.6,5.5,23.4,9,3,3,1,0,38.4,0
12-10-2024,Bendigo,Spring,Storm,High,22.3,13.2,39.4,5,9,3,2,2,72.6,0
13-10-2024,Shepparton,Spring,None,Low,16.8,7.2,33.4,5,3,2,4,2,28.6,0
14-10-2024,Ballarat,Spring,None,Low,20.7,5.6,22,6,3,2,1,1,20.4,0
15-10-2024,Melbourne Metro,Spring,None,Low,15.6,3.3,32.8,22,8,9,1,8,60.3,1
16-10-2024,Geelong,Spring,None,Low,26.8,3.2,21.3,5,4,4,3,0,26.7,0
17-10-2024,Geelong,Spring,None,Low,21.4,8,31.1,1,3,2,2,1,28.7,0
18-10-2024,Geelong,Spring,None,Low,26.6,3.6,20,6,1,2,0,2,24.5,0
19-10-2024,Gippsland,Spring,None,Low,18.2,7.5,36.6,6,7,2,3,2,33.8,0
20-10-2024,Bendigo,Spring,None,Low,20.6,5.6,22.2,3,0,2,5,0,26.3,0
21-10-2024,Geelong,Spring,None,Low,21.9,9.3,24.2,9,5,5,1,0,31.5,0
22-10-2024,Bendigo,Spring,None,Low,22.4,7.9,18.9,7,3,1,5,1,30.5,0
23-10-2024,Geelong,Spring,None,Low,19.6,0.5,27.6,5,2,3,2,3,24.7,0
24-10-2024,Ballarat,Spring,None,Low,18.8,3.9,30.6,10,12,9,8,6,70.4,1
25-10-2024,Bendigo,Spring,Flood,Severe,21.7,23,18.8,38,14,12,7,8,100,1
26-10-2024,Geelong,Spring,None,Low,18.7,1,25.1,7,5,4,1,0,30.7,0
27-10-2024,Melbourne Metro,Spring,None,Medium,24.3,8.4,26.7,3,3,2,5,0,47.4,0
28-10-2024,Bendigo,Spring,None,Low,20.3,8.7,21.5,16,8,11,3,7,64.4,1
29-10-2024,Gippsland,Spring,None,Low,23.7,9.1,28.1,4,5,4,1,3,36.9,0
30-10-2024,Melbourne Metro,Spring,None,Low,16.2,2.9,25.5,5,1,2,6,1,37.9,1
31-10-2024,Melbourne Metro,Spring,Flood,Medium,23.5,13.4,17,8,9,6,2,3,72.7,0
01-11-2024,Shepparton,Spring,None,Medium,23.4,4.2,5,10,1,2,2,4,41.1,0
02-11-2024,Gippsland,Spring,None,Low,21,3.3,34.6,25,13,6,4,7,65.6,1
03-11-2024,Melbourne Metro,Spring,None,Low,24.2,1.9,27,10,5,2,4,1,29.8,0
04-11-2024,Melbourne Metro,Spring,None,Medium,24.3,6.9,23.9,31,11,8,0,5,71.2,1
05-11-2024,Geelong,Spring,None,Medium,21.5,4.2,17.5,9,4,5,7,2,56.6,0
06-11-2024,Geelong,Spring,None,Low,10.7,3.6,33.6,6,3,3,2,0,29,0
07-11-2024,Bendigo,Spring,None,Low,20.7,9.9,21.8,9,6,2,2,1,31,0
08-11-2024,Bendigo,Spring,Flood,Medium,10.1,10.3,28.4,14,7,4,3,2,68.3,0
09-11-2024,Bendigo,Spring,None,Low,13.9,0.1,24.1,3,5,5,1,0,29.1,0
10-11-2024,Geelong,Spring,None,Low,20.7,6.8,27.5,7,3,2,2,2,32.3,0
11-11-2024,Bendigo,Spring,None,Low,17.4,7.2,25.7,6,2,4,1,1,27.4,0
12-11-2024,Melbourne Metro,Spring,None,Low,16.8,1.2,15.4,3,2,4,2,1,27.8,0
13-11-2024,Geelong,Spring,None,Low,15.9,1.9,31.4,3,3,3,3,1,30.7,0
14-11-2024,Bendigo,Spring,None,Medium,13.1,6.3,14,8,6,2,3,3,46,0
15-11-2024,Melbourne Metro,Spring,None,Low,21,9.3,31.6,7,5,2,3,3,35.6,0
16-11-2024,Bendigo,Spring,None,Low,18.4,2.4,31,7,3,1,3,0,21.9,0
17-11-2024,Ballarat,Spring,None,Medium,18.3,4.4,20,7,7,6,4,2,60.3,0
18-11-2024,Bendigo,Spring,None,Low,20,2.6,21,6,2,4,2,1,29.5,0
19-11-2024,Ballarat,Spring,None,Low,17.6,7.6,20.4,7,7,2,3,3,36.8,0
20-11-2024,Bendigo,Spring,None,Low,25.3,5.8,13.6,7,4,1,2,3,26.2,0
21-11-2024,Shepparton,Spring,None,Low,24.4,3.2,16.8,8,4,1,3,0,26.8,0
22-11-2024,Shepparton,Spring,None,Medium,26.4,4,17,8,5,5,6,2,58.9,0
23-11-2024,Gippsland,Spring,None,Low,24.6,3.7,29.4,3,2,2,3,0,20.5,0
24-11-2024,Shepparton,Spring,None,Low,20.8,4.5,32.5,1,9,2,3,2,37.4,0
25-11-2024,Shepparton,Spring,None,Low,18.2,8.3,18.4,3,6,2,1,1,30.2,0
26-11-2024,Bendigo,Spring,None,Medium,15.1,7.5,28,12,6,3,1,1,48.4,0
27-11-2024,Geelong,Spring,None,Low,20.2,2.9,17.6,6,3,2,4,2,30,0
28-11-2024,Geelong,Spring,None,Low,17.8,3.1,14.5,8,3,1,2,2,28.7,0
29-11-2024,Ballarat,Spring,None,Medium,22.7,9.8,25.5,4,4,1,6,4,46.7,0
30-11-2024,Geelong,Spring,None,Medium,17.7,5.2,34.9,12,2,2,0,3,45.8,0
01-12-2024,Melbourne Metro,Summer,None,Medium,25.2,4,28.1,4,4,4,1,1,42.5,0
02-12-2024,Gippsland,Summer,None,Low,23.5,0.9,33.6,5,7,1,1,0,27.4,0
03-12-2024,Shepparton,Summer,Bushfire,High,33.2,1.7,32.7,6,6,6,2,5,80.5,0
04-12-2024,Gippsland,Summer,None,High,34.5,2.9,29.3,9,5,8,3,2,73,0
05-12-2024,Melbourne Metro,Summer,Bushfire,High,33.4,1.7,28,20,13,15,4,8,100,1
06-12-2024,Shepparton,Summer,None,Low,30.8,3.7,31.5,5,5,2,0,1,28,0
07-12-2024,Ballarat,Summer,Bushfire,High,36.3,1.9,38.8,8,13,7,2,7,96.9,0
08-12-2024,Melbourne Metro,Summer,None,Low,29.5,6.8,24.8,5,2,5,4,1,32.9,0
09-12-2024,Melbourne Metro,Summer,None,Low,30.2,7.5,25.8,10,0,3,2,1,23.7,0
10-12-2024,Gippsland,Summer,None,Low,29.5,0.5,36.2,4,4,4,2,0,34.2,0
11-12-2024,Bendigo,Summer,None,Low,27.7,4.9,26.8,5,8,2,4,1,40.7,0
12-12-2024,Gippsland,Summer,None,Medium,31.8,4.3,35.5,27,17,9,1,9,84.6,1
13-12-2024,Gippsland,Summer,Bushfire,High,32.8,3.4,26.7,13,10,9,2,5,90,0
14-12-2024,Geelong,Summer,None,Low,30.7,0.8,26.3,10,5,2,3,0,34.6,0
15-12-2024,Melbourne Metro,Summer,None,Low,23.9,1.1,32,4,3,1,2,0,26.1,0
16-12-2024,Gippsland,Summer,None,Low,27.1,2.6,36.4,8,2,1,4,1,22.1,0
17-12-2024,Melbourne Metro,Summer,None,Low,28.2,0.6,18.5,6,2,2,3,2,30.9,0
18-12-2024,Geelong,Summer,None,Medium,28.2,3.9,27.7,11,3,0,0,0,32.1,0
19-12-2024,Melbourne Metro,Summer,None,Low,26.9,1.9,30.4,10,4,1,1,1,27.9,0
20-12-2024,Gippsland,Summer,None,Low,31.4,1.6,23.4,33,7,13,2,2,54.4,1
21-12-2024,Melbourne Metro,Summer,None,Medium,27.6,5.9,31.9,8,5,8,4,1,54.9,0
22-12-2024,Shepparton,Summer,Storm,Medium,26.6,0.9,40.1,22,18,12,3,7,90.7,1
23-12-2024,Geelong,Summer,None,Low,32.4,5.9,37.5,7,1,1,1,0,18,0
24-12-2024,Bendigo,Summer,None,Low,28.1,5.7,19.5,6,5,3,3,0,35.2,0
25-12-2024,Melbourne Metro,Summer,None,Low,32,2.6,24.6,8,4,1,3,2,28.8,0
26-12-2024,Gippsland,Summer,None,Low,27.2,1.2,25,5,4,2,3,0,29.9,0
27-12-2024,Geelong,Summer,None,Low,36.2,4.9,18.2,8,3,1,3,1,29.1,0
28-12-2024,Gippsland,Summer,Bushfire,Medium,33.5,2.7,21.4,6,9,3,0,3,65.7,0
29-12-2024,Gippsland,Summer,Bushfire,High,32.5,3.6,36.9,16,9,5,4,7,85.9,0
30-12-2024,Melbourne Metro,Summer,None,Low,27.2,0.9,31.4,6,2,0,3,1,25.5,0
31-12-2024,Gippsland,Summer,None,Medium,34.9,3.3,17.2,7,17,4,0,3,68.6,0
